{
  "type": "minecraft:block",
  "pools": [
    {
      "rolls": {
        "min": 3,
        "max": 6
      },
      "bonus_rolls": {
        "min": 3,
        "max": 4
      },
      "entries": [
        {
          "type": "minecraft:item",
          "name": "battleroyalemod:teleport_gun_ammo",
          "weight": 1,
          "functions": [
            {
              "function": "set_count",
              "count": {
                "min": 1,
                "max": 3
              }
            }
          ]
        },
        {
          "type": "minecraft:item",
          "name": "battleroyalemod:tnt_arrow",
          "weight": 2,
          "functions": [
            {
              "function": "set_count",
              "count": {
                "min": 2,
                "max": 7
              }
            }
          ]
        },
        {
          "type": "minecraft:item",
          "name": "battleroyalemod:lava_arrow",
          "weight": 3,
          "functions": [
            {
              "function": "set_count",
              "count": {
                "min": 3,
                "max": 7
              }
            }
          ]
        },
        {
          "type": "minecraft:item",
          "name": "battleroyalemod:cobweb_arrow",
          "weight": 3,
          "functions": [
            {
              "function": "set_count",
              "count": {
                "min": 3,
                "max": 7
              }
            }
          ]
        },
        {
          "type": "minecraft:item",
          "name": "battleroyalemod:water_arrow",
          "weight": 3,
          "functions": [
            {
              "function": "set_count",
              "count": {
                "min": 3,
                "max": 7
              }
            }
          ]
        },
        {
          "type": "minecraft:item",
          "name": "battleroyalemod:heavy_arrow",
          "weight": 2,
          "functions": [
            {
              "function": "set_count",
              "count": {
                "min": 3,
                "max": 6
              }
            }
          ]
        },
        {
          "type": "minecraft:item",
          "name": "minecraft:fire_charge",
          "weight": 3,
          "functions": [
            {
              "function": "set_count",
              "count": {
                "min": 7,
                "max": 12
              }
            }
          ]
        },
        {
          "type": "minecraft:item",
          "name": "battleroyalemod:light_arrow",
          "weight": 1,
          "functions": [
            {
              "function": "set_count",
              "count": {
                "min": 5,
                "max": 9
              }
            }
          ]
        }
      ]
    }
  ],
  "random_sequence": "battleroyalemod:blocks/ammo_crate"
}