{
  "type": "minecraft:block",
  "pools": [
    {
      "rolls": {
        "min": 1,
        "max": 2
      },
      "entries": [
        {
          "type": "minecraft:item",
          "name": "battleroyalemod:legendary_armor_helmet",
          "weight": 3,
          "functions": [
            {
              "function": "set_count",
              "count": {
                "min": 1,
                "max": 1
              }
            },
            {
              "function": "enchant_with_levels",
              "treasure": true,
              "levels": {
                "min": 9,
                "max": 18
              }
            }
          ]
        },
        {
          "type": "minecraft:item",
          "name": "battleroyalemod:legendary_armor_chestplate",
          "weight": 1,
          "functions": [
            {
              "function": "set_count",
              "count": {
                "min": 1,
                "max": 1
              }
            },
            {
              "function": "enchant_with_levels",
              "treasure": true,
              "levels": {
                "min": 9,
                "max": 18
              }
            }
          ]
        },
        {
          "type": "minecraft:item",
          "name": "battleroyalemod:legendary_armor_leggings",
          "weight": 2,
          "functions": [
            {
              "function": "set_count",
              "count": {
                "min": 1,
                "max": 1
              }
            },
            {
              "function": "enchant_with_levels",
              "treasure": true,
              "levels": {
                "min": 9,
                "max": 18
              }
            }
          ]
        },
        {
          "type": "minecraft:item",
          "name": "battleroyalemod:legendary_armor_boots",
          "weight": 4,
          "functions": [
            {
              "function": "set_count",
              "count": {
                "min": 1,
                "max": 1
              }
            },
            {
              "function": "enchant_with_levels",
              "treasure": true,
              "levels": {
                "min": 9,
                "max": 18
              }
            }
          ]
        },
        {
          "type": "minecraft:item",
          "name": "battleroyalemod:legendary_knife",
          "weight": 3,
          "functions": [
            {
              "function": "set_count",
              "count": {
                "min": 1,
                "max": 1
              }
            }
          ]
        },
        {
          "type": "minecraft:item",
          "name": "battleroyalemod:legendary_scrap",
          "weight": 3,
          "functions": [
            {
              "function": "set_count",
              "count": {
                "min": 1,
                "max": 1
              }
            }
          ]
        }
      ]
    }
  ],
  "random_sequence": "battleroyalemod:blocks/legendary_crate"
}